bids_name	cjv	cnr	efc	fber	fwhm_avg	fwhm_x	fwhm_y	fwhm_z	icvs_csf	icvs_gm	icvs_wm	inu_med	inu_range	qi_1	qi_2	rpve_csf	rpve_gm	rpve_wm	size_x	size_y	size_z	snr_csf	snr_gm	snr_total	snr_wm	snrd_csf	snrd_gm	snrd_total	snrd_wm	spacing_x	spacing_y	spacing_z	summary_bg_k	summary_bg_mad	summary_bg_mean	summary_bg_median	summary_bg_n	summary_bg_p05	summary_bg_p95	summary_bg_stdv	summary_csf_k	summary_csf_mad	summary_csf_mean	summary_csf_median	summary_csf_n	summary_csf_p05	summary_csf_p95	summary_csf_stdv	summary_gm_k	summary_gm_mad	summary_gm_mean	summary_gm_median	summary_gm_n	summary_gm_p05	summary_gm_p95	summary_gm_stdv	summary_wm_k	summary_wm_mad	summary_wm_mean	summary_wm_median	summary_wm_n	summary_wm_p05	summary_wm_p95	summary_wm_stdv	tpm_overlap_csf	tpm_overlap_gm	tpm_overlap_wm	wm2max
sub-004_acq-t1mpragesagisomww64CH_T1w	0.518301550387597	2.0685357236380963	0.5519	-1.0	6.896543333333334	4.17043	8.48408	8.03512	0.2716246294745606	0.38602070970748037	0.34235466081795896	0.4618103504180908	0.16285551190376285	0.0	0.0013778374489063839	7.923128587643055	7.862878825647573	7.932155756951986	192	448	512	2.030594316903791	7.3409226965155785	7.566834723234609	13.328987156284455	9.582856057121745	17.68382715695662	17.107538562456174	24.055932473290156	1.0	0.5	0.5	314.3288	0.0	5.0411	0.0	12586598.0	0.0	16.0	26.5258	-0.167	167.0878	397.7875	388.0	1495656.2059302675	102.0	724.0	191.077	-0.6393	78.2001	716.4125	716.0	2125559.3471345063	554.0	880.0	97.5354	-0.2244	55.5217	956.058	974.0	1885119.4535342695	811.0	1048.0	73.0738	0.18167583793819284	0.5062003721733331	0.535883036080193	0.6343027874123754
sub-005_acq-t1mpragesagisomww64CH_T1w	0.47132218045112784	2.3142737649342227	0.5572	-1.0	6.831616666666666	4.26103	8.16096	8.07286	0.2596714239244878	0.3948587970725168	0.34546977900299536	0.4098403602838516	0.1526477396488189	0.0	0.001468677877762824	7.312594559101143	7.274365079611329	7.353332644243823	192	448	512	2.063973965762457	7.811264209568764	8.658719133604956	16.100919225483647	8.720999677198202	14.441008703351295	14.320163442235385	19.79848194615666	1.0	0.5	0.5	242.8389	0.0	5.4932	0.0	11528421.0	0.0	16.0	32.5277	-0.6272	156.7557	429.3722	433.0	1545246.9982623586	74.0	764.0	209.7894	-0.6208	77.6071	717.297	717.0	2349717.0450731795	563.0	866.0	91.7905	-0.1126	47.7646	970.7486	983.0	2055813.9626098329	850.0	1051.0	61.0524	0.20040489917555407	0.5029996382528147	0.51955588334654	0.615921590180938
sub-007_acq-t1mpragesagisomww64CH_T1w	0.5021525096525097	2.252207865481982	0.5536	-1.0	6.864150000000001	4.32317	8.31314	7.95614	0.26027354383719387	0.39172354183777164	0.3480029143250344	0.40610742568969727	0.14669138491153716	0.0	0.001440345062110468	7.441232715595441	7.398857693685749	7.475269064770102	192	448	512	2.0278745256190205	7.682609516782916	8.722228780715463	16.456202299744454	9.458401472198027	16.008233477593375	15.741799633306107	21.758763950126916	1.0	0.5	0.5	287.8825	0.0	5.2161	0.0	12246941.0	0.0	17.0	29.5069	-0.5996	167.2055	427.3811	426.0	1522878.7253213043	82.0	768.0	210.0721	-0.7218	81.8013	722.6715	721.0	2292001.865719415	568.0	876.0	93.8483	-0.2916	48.2562	967.7646	980.0	2036189.4134999427	851.0	1046.0	59.552	0.19621073361836777	0.5003603733299081	0.5204866323596334	0.6356948612783667
sub-008_acq-t1mpragesagisomww64CH_T1w	0.5802937254901961	1.9316187276728356	0.6104	22521.1588	6.756853333333333	4.11812	8.17552	7.97692	0.2627521037729893	0.3857203140816887	0.351527582145322	0.5558057129383087	0.22586983889341355	0.0	0.0006151370138654102	6.327464688923403	6.260427554718941	6.343079588299764	192	448	512	2.312582627920233	6.960905838279751	7.27301220512492	12.545548149174778	47.171058073654386	78.43431201942533	77.40325064076622	106.60438182921894	1.0	0.5	0.5	244.176	5.9304	8.5785	4.0	10763687.0	0.0	26.0	33.2765	-0.7626	148.6158	435.0974	427.0	1802972.8817162649	155.0	742.0	184.642	-0.7857	84.0142	712.7918	710.0	2646765.7393799946	547.0	886.0	101.9982	-0.3743	63.9607	949.826	965.0	2412139.384166011	803.0	1053.0	76.9197	0.21265626691072329	0.5195951984354221	0.5395736719534248	0.6930720438451455
sub-010_acq-t1mpragesagisomww64CH_T1w	0.547116935483871	1.9802324422631365	0.548	-1.0	6.948543333333333	4.29697	8.57212	7.97654	0.26224847847528565	0.39402043948980947	0.3437310820349049	0.4770837724208832	0.1879531815648079	0.0	0.0008094153357115112	7.5140156415929	7.4492498027395	7.523495640847648	192	448	512	2.0828151657318923	7.982739476094279	7.315265930841913	11.880243150699568	8.691673466372391	14.439067753880817	14.190350106351213	19.44030909880043	1.0	0.5	0.5	249.6395	0.0	5.6804	0.0	12724049.0	0.0	16.0	32.4867	-0.457	155.8782	430.0974	431.0	1519597.7606637878	86.0	761.0	206.9314	-0.5481	72.0722	715.3628	716.0	2283149.862243729	565.0	864.0	89.6935	-0.4531	63.6128	943.4365	964.0	1991748.381411513	783.0	1045.0	81.1431	0.18445144623649345	0.5132400827112845	0.5298607455361054	0.5788458374296289
sub-011_acq-t1mpragesagisomww64CH_T1w	0.45448419117647054	2.3053615321416454	0.558	-1.0	6.8180966666666665	4.35133	8.23496	7.868	0.2680793786902342	0.39331852287275587	0.3386020984370099	0.4856528639793396	0.21069949567317964	0.0	0.0015932057098476773	7.069071878694288	7.025256326152251	7.099759015197043	192	448	512	1.974904553126552	7.848742969079108	7.977001391713891	14.107356652936012	8.492073338649568	14.71543100594423	14.528105858768136	20.37681323171061	1.0	0.5	0.5	265.2396	0.0	5.2379	0.0	12438767.0	0.0	17.0	31.4759	0.657	166.0372	409.9197	408.0	1650758.558581617	75.0	742.0	206.5922	-0.3244	72.0523	708.1775	707.0	2421946.518426982	557.0	856.0	90.0781	-0.0386	51.5674	963.0622	979.0	2085017.9326715635	824.0	1050.0	69.3964	0.18575777234516883	0.4944401955914474	0.5188668373199388	0.5833618253195391
sub-013_acq-t1mpragesagisomww64CH_T1w	0.7271837837837838	1.4284895153502033	0.6161	15928.4068	6.652076666666667	4.07797	8.13746	7.7408	0.2770327060756007	0.3706620030345847	0.3523052908898146	0.6531896591186523	0.3131531864404678	0.0	0.0012485874343299665	7.095840824746511	6.989231040376621	7.069386808086913	192	448	512	2.3565307968458056	5.964432491497147	6.182479093222234	10.226473991323747	6.325350721964434	11.155904631524338	10.710088038351058	14.649008761564398	1.0	0.5	0.5	191.6999	0.0	11.4394	0.0	10943556.0	0.0	47.0	41.6364	-0.5406	141.8373	411.2677	402.0	1698706.9315283364	149.0	706.0	170.5897	-0.1974	86.3844	709.7605	709.0	2272822.3058153978	516.0	920.0	118.8713	-0.096	75.0504	918.1182	931.0	2160262.765095026	753.0	1050.0	91.0382	0.18661456805363003	0.5182558253117044	0.5388435488350862	0.5140352286697988
sub-014_acq-t1mpragesagisomww64CH_T1w	0.5178521367521368	2.0456259537691737	0.5735	-1.0	6.459283333333334	4.11183	7.75366	7.51236	0.2518587434297472	0.39953820609923285	0.34860305047101997	0.46710850298404694	0.21141588687896729	0.0	0.0013053454977555786	7.109789320543331	7.053033069221186	7.130078225943545	192	448	512	2.4205225243659707	9.244500818586836	8.219737879886752	12.99419029670745	9.871717009162182	14.678468550846787	14.625501591709765	19.32631921512033	1.0	0.5	0.5	294.6067	0.0	5.8915	0.0	11939696.0	0.0	19.0	32.9834	-0.0174	140.7111	491.6309	497.0	1539860.8316935352	149.0	807.0	205.3275	-0.2853	65.781	738.5875	739.0	2442770.999168902	606.0	870.0	79.9394	0.3211	55.3964	955.6207	973.0	2131354.1706720293	807.0	1052.0	74.8796	0.20806681373297684	0.5082841304383529	0.5290601731845281	0.5813311758797797
sub-016_acq-t1mpragesagisomww64CH_T1w	0.6361819742489271	1.6439357604784002	0.6059	33805.454	6.175116666666667	3.89517	7.3124	7.31778	0.2688682727798005	0.37981506151386957	0.3513166657063299	0.5460235476493835	0.24503262341022491	0.0	0.0008790542701672668	6.931577394252074	6.8415822064604646	6.9268426262825615	192	448	512	2.3260518485936217	6.579744499234466	6.72752538172272	11.276779797340073	9.354565026139426	15.540648349876786	15.152670998562249	20.562799619670532	1.0	0.5	0.5	338.7825	0.0	7.1062	0.0	11300171.0	0.0	26.0	30.3947	-0.3362	146.2334	442.107	434.0	1685105.551284222	159.0	754.0	186.5822	-0.6328	81.6342	721.562	721.0	2380453.6771899243	541.0	916.0	109.5787	-0.0185	66.5962	936.235	954.0	2201842.7742318423	775.0	1049.0	84.5986	0.20826588997583245	0.514541823768277	0.5393628399635921	0.6631891807042651
sub-017_acq-t1mpragesagisomww64CH_T1w	0.5207679012345678	1.9670745463692063	0.5681	-1.0	6.727893333333333	4.28828	8.046	7.8494	0.26512585224952734	0.3873292096981466	0.347544938052326	0.41875794529914856	0.15830991864204402	0.0	0.0020773444343464833	7.664295109287674	7.600322165999027	7.667655646318845	192	448	512	1.9638449033356447	7.517413125669749	7.884763499786106	14.173032470352926	8.0805279743302	14.824427261177211	14.21686876686667	19.7456510650926	1.0	0.5	0.5	256.5367	0.0	5.0151	0.0	11772875.0	0.0	15.0	32.3493	-0.4193	173.9993	405.1794	399.0	1508808.425814201	75.0	747.0	203.1728	-0.5189	75.0778	732.7552	732.0	2204257.224250227	570.0	900.0	97.3739	-0.2673	51.4688	958.5941	975.0	1977848.3555383224	820.0	1045.0	68.7926	0.18496954148093492	0.5025375426166105	0.5292856966817212	0.6080040983270841
sub-020_acq-t1mpragesagisomww64CH_T1w	0.488490494296578	2.1816676329184554	0.5445	-1.0	6.625360000000001	4.18748	7.94576	7.74284	0.2663838721532973	0.39075458500676674	0.34286154283993586	0.4338069558143616	0.17234934270381919	0.0	0.0012722435985282863	7.712021770319507	7.662994169548056	7.745018207806593	192	448	512	2.228014994140621	7.664126701295011	8.03789902923347	14.221555392264781	8.473855613627451	13.669364372208989	13.618240054781372	18.711500178507677	1.0	0.5	0.5	273.5144	0.0	5.5204	0.0	14024084.0	0.0	17.0	34.1722	0.4447	146.619	444.7289	442.0	1503193.0038167627	131.0	762.0	198.3828	-0.6251	75.2483	714.939	713.0	2205011.713522476	561.0	870.0	93.0308	-0.1849	53.2247	959.7836	976.0	1934753.2878350099	824.0	1046.0	68.6282	0.1875053436916908	0.5039876941694317	0.5192853097051002	0.5443076886902681
sub-022_acq-t1mpragesagisomww64CH_T1w	0.5291181434599157	1.9320525333841518	0.575	-1.0	6.327003333333333	3.97973	7.6679	7.33338	0.2606626099980171	0.39318833076442655	0.34614905923755634	0.44365184009075165	0.17062556743621826	0.0	0.0005622721467636593	7.080086341879649	7.016071332528131	7.088976294815123	192	448	512	2.1138345325132186	8.249573187435727	7.694806423443798	12.721011550382451	8.269464749541383	13.506792424250925	13.212767010933897	17.862043859009386	1.0	0.5	0.5	212.5178	0.0	6.8208	0.0	11548426.0	0.0	20.0	35.6506	1.9422	157.2498	447.0734	450.0	1602015.7195215067	91.0	781.0	212.8832	0.3091	69.5339	733.6944	735.0	2416510.3181535113	585.0	883.0	89.0955	0.72	55.8671	953.8682	972.0	2127409.9657038073	801.0	1050.0	76.409	0.1936822875463553	0.5168684992143256	0.5294198076588859	0.5848160040631264
sub-024_acq-t1mpragesagisomww64CH_T1w	0.4976938223938224	2.2044498013058202	0.5685	-1.0	6.653453333333334	4.21324	7.95048	7.79664	0.26317767400045466	0.3913311137436444	0.34549121225590085	0.4466685950756073	0.17341028153896332	0.0	0.0005534366440861103	6.967727740401555	6.925681480097999	7.006063884546452	192	448	512	2.0979550772991504	7.782644829232554	8.563186925391337	15.808960869642306	7.9617983656274935	12.888830538078588	12.787671664972708	17.512386091212043	1.0	0.5	0.5	204.7268	0.0	6.7421	0.0	11118461.0	0.0	18.0	36.6991	1.9155	153.4958	446.5305	446.0	1641847.343400654	91.0	783.0	212.5879	-0.6862	79.4681	723.6414	722.0	2441339.114080443	571.0	876.0	92.7705	-0.1143	49.4346	968.6811	981.0	2155364.5504505914	848.0	1052.0	62.0534	0.1939067631689522	0.4961358854046596	0.5169526372573148	0.540834450285732
sub-026_acq-t1mpragesagisomww64CH_T1w	0.5209941634241245	2.1026987501913053	0.5525	-1.0	7.02365	4.46225	8.40232	8.20638	0.262463261450285	0.3903904016305338	0.34714633691918123	0.4735962152481079	0.20276953279972076	0.0	0.0011931152519702134	6.4992631535181715	6.450667091599843	6.532990514156402	192	448	512	2.1204851061955003	7.38137554527813	8.147505256084736	14.940655116780581	8.43761956705023	13.694466069320804	13.57383794909962	18.589428210927824	1.0	0.5	0.5	243.2733	0.0	7.4923	0.0	13142847.0	0.0	24.0	34.3966	0.2893	148.3657	439.9188	443.0	1753341.4634578035	90.0	773.0	208.9144	-0.4192	81.9677	719.0225	719.0	2607937.1045399187	557.0	879.0	97.4073	0.1894	51.9278	962.5927	976.0	2319052.438214042	835.0	1049.0	65.3251	0.19569201051423002	0.5045774459433044	0.5197975734772958	0.5521579495728163
sub-028_acq-t1mpragesagisomww64CH_T1w	0.5104457364341085	1.900752755789378	0.5951	30688.9019	6.4696066666666665	4.05096	7.94476	7.4131	0.2626839199172867	0.3937898699886475	0.34352621009406575	0.5023823976516724	0.1892436519265175	0.0	0.0006294121579911136	6.619715153931891	6.550534546167565	6.6310078448586545	192	448	512	2.234251295395137	7.828522841340836	6.982422166727932	10.884492363447823	5.936572059095485	9.530823169704316	9.490438325764892	13.003919748494873	1.0	0.5	0.5	294.8131	0.0	7.9326	0.0	10797471.0	0.0	19.0	48.667	-0.4335	154.0596	444.4437	441.0	1723491.7898007045	145.0	756.0	197.3815	-0.5074	69.0619	709.3671	708.0	2583689.2035333808	561.0	863.0	90.4385	-0.0011	62.6331	941.7011	966.0	2253905.00821254	761.0	1050.0	88.7501	0.1977982296788619	0.4945179500173812	0.5157131534101848	0.6270585387043062
sub-029_acq-t1mpragesagisomww64CH_T1w	0.5364908713692946	1.784939473201758	0.613	-1.0	6.717656666666667	4.30767	8.2045	7.6408	0.2653948840394698	0.3857676364045474	0.34883747955598277	0.5055059492588043	0.250365175306797	0.0	0.0006821431342600442	6.808448914604903	6.7300467253693315	6.804718170205856	192	448	512	2.167137874396858	7.330881496139429	7.221390033620544	12.166150730325345	6.113001256588286	10.481490362121896	10.183529609049197	13.956097208437408	1.0	0.5	0.5	174.9332	0.0	8.211	0.0	9447642.0	0.0	20.0	45.4405	-0.1786	159.7026	432.707	424.0	1695788.3838275713	122.0	754.0	195.6497	-0.5154	71.8198	729.3491	727.0	2464931.7526940694	567.0	907.0	99.1695	-0.246	57.4745	947.3864	968.0	2228959.867917977	787.0	1045.0	79.565	0.1965009047849255	0.5071290897731289	0.5273075872165446	0.48542319283304686
sub-030_acq-t1mpragesagisomww64CH_T1w	0.48420799999999997	2.287684185802629	0.5827	-1.0	6.460919999999999	4.07876	7.85764	7.44636	0.25291340557817676	0.396994814618104	0.35009177980371925	0.4086383581161499	0.15246443599462506	0.0	0.0008572011357602024	7.264099944617461	7.228173848401854	7.308026636482113	192	448	512	2.2252880694910293	8.451551310424398	9.379704793202173	17.462274999691093	8.648665346534653	13.41276066454103	13.351682519438384	17.993621547239467	1.0	0.5	0.5	213.1573	0.0	6.0937	0.0	12010626.0	0.0	17.0	35.754	-0.3238	147.8054	465.2141	472.0	1514198.6302078434	96.0	798.0	212.1073	-0.6821	74.5897	733.3537	732.0	2376817.4847044153	589.0	874.0	86.6113	-0.2598	46.4623	971.7239	982.0	2096007.8893957976	862.0	1047.0	56.2355	0.21452125686604015	0.5043082426107606	0.5243370984646979	0.5639841495986029
sub-031_acq-t1mpragesagisomww64CH_T1w	0.5140346007604563	2.0062906211051024	0.6114	-1.0	6.56101	4.24473	7.97398	7.46432	0.26901537095486855	0.384929518351923	0.34605511069320843	0.4804299622774124	0.2020015925168991	0.0	0.000990109626858494	6.616674525006885	6.563107727205359	6.645230561468837	192	448	512	2.139786714145575	6.825937216569661	7.903563830343223	14.744967560314434	6.339870833176744	11.002445742042166	10.797271928670748	15.04949921079334	1.0	0.5	0.5	185.4583	0.0	8.0889	0.0	10388087.0	0.0	21.0	42.5744	-0.3172	156.5609	420.4102	412.0	1766850.9912846233	122.0	741.0	192.5425	-0.5254	83.6459	715.0256	715.0	2528157.0293204812	541.0	891.0	104.7475	-0.1469	51.5452	964.301	978.0	2272835.9840448736	833.0	1051.0	66.3277	0.1931060682932641	0.49862760605653195	0.5240433660437248	0.5255136363715802
sub-033_acq-t1mpragesagisomww64CH_T1w	0.5128996015936255	1.9958006262596688	0.5818	-1.0	6.716083333333333	4.19639	8.08404	7.86782	0.2669266650475924	0.3865355047424827	0.3465378302099249	0.43345531821250916	0.1588677257299423	0.0	0.0013971420716289438	8.008546043674656	7.950447147860178	8.019088151945125	192	448	512	1.922133395746736	7.361561374160652	8.013543792197192	14.75693660668419	6.31340935795524	11.64936193714076	11.211375839549957	15.671356223553868	1.0	0.5	0.5	312.6569	0.0	6.5137	0.0	10265867.0	0.0	17.0	40.885	0.3616	172.3387	399.6921	394.0	1454163.0869550821	68.0	743.0	204.9805	-0.5951	79.2818	726.918	727.0	2105768.124341759	561.0	892.0	98.7562	-0.1347	49.456	961.1965	978.0	1887868.7928571408	829.0	1044.0	66.2739	0.18324977145834243	0.5125048767794588	0.531630020202215	0.6282610950862197
sub-034_acq-t1mpragesagisomww64CH_T1w	0.4764728682170543	2.2789121943844917	0.5639	-1.0	6.695656666666667	4.26957	8.08324	7.73416	0.2633071902361044	0.39484801206340786	0.3418447977004878	0.48706649243831635	0.18143182396888735	0.0	0.0007149485487932491	6.498553090788106	6.455931190638737	6.532685866288423	192	448	512	2.2119125283256675	8.476089000937057	8.462875026709705	14.70062355086639	8.649648834489195	13.951670715138052	13.848468342765324	18.94408547866873	1.0	0.5	0.5	256.9532	0.0	6.0936	0.0	12144677.0	0.0	17.0	33.8564	-0.1726	155.4727	447.6593	447.0	1760785.737807936	119.0	769.0	202.0875	-0.5877	71.1014	721.9666	721.0	2640424.4700634596	580.0	862.0	85.0628	-0.2654	51.8286	964.7253	979.0	2285981.7986555086	833.0	1051.0	66.5958	0.19255011155171012	0.502773967134341	0.5215840010384596	0.5569937354123349
sub-037_acq-t1mpragesagisomww64CH_T1w	0.477564367816092	2.4078171774225967	0.558	-1.0	6.82153	4.21945	8.30886	7.93628	0.25495868954864176	0.40076427936022535	0.344277031091133	0.4331537187099457	0.156781780719757	0.0	0.0010999504542932427	7.312285474210821	7.277507508262066	7.356435031740574	192	448	512	2.2001157127484023	8.791260917192707	8.739176286640523	15.226152229980466	9.781341026200664	14.837796980423041	14.955228334551158	20.246546997029768	1.0	0.5	0.5	303.884	0.0	5.5115	0.0	12475044.0	0.0	18.0	31.6137	0.3797	146.6155	463.644	472.0	1516031.0261578704	101.0	798.0	214.5341	-0.6685	71.647	717.5979	716.0	2383017.745978757	584.0	852.0	81.4445	-0.3505	52.9973	962.655	977.0	2047134.230457751	838.0	1045.0	64.1659	0.19409357286443055	0.49429926757567905	0.5093607404005612	0.5838790471944301
sub-039_acq-t1mpragesagisomww64CH_T1w	0.5422336	1.7755867933279605	0.5882	-1.0	6.782256666666666	4.20573	8.41734	7.7237	0.2761370128994796	0.37972510542479276	0.3441378816757276	0.46560609340667725	0.19120852202177052	0.0	0.0009762688803264936	7.384108007802095	7.301790551712452	7.370421872020045	192	448	512	2.1321239160809955	6.637645923037657	6.833070337254728	11.729441172645533	6.770508110278082	12.741349908318595	12.23193285015244	17.183940531860642	1.0	0.5	0.5	202.6961	0.0	6.7729	0.0	11378009.0	0.0	19.0	36.8668	-0.6288	155.1605	390.6528	381.0	1630771.3128081756	103.0	707.0	178.695	-0.5089	76.5604	717.0653	717.0	2242527.367764465	536.0	911.0	108.0202	-0.2653	58.998	943.9034	967.0	2032361.3238028495	776.0	1044.0	82.4421	0.1804885998238945	0.5080948514695389	0.5352896873665558	0.5511757713000284
sub-040_acq-t1mpragesagisomww64CH_T1w	0.509029365079365	1.9055292925562337	0.5935	-1.0	6.606396666666666	4.21435	7.98696	7.61788	0.2728029911414604	0.38059026028410936	0.3466067485744303	0.46678225696086884	0.18740503340959547	0.0	0.0006713412354736268	6.216068023432917	6.147828035363823	6.218223880016137	192	448	512	2.199328916624735	6.761020038850594	7.576637892534026	13.76956472212675	7.60871668364167	14.38087289421279	13.796608436830184	19.40023573263609	1.0	0.5	0.5	279.0768	0.0	6.3024	0.0	12222640.0	0.0	19.0	32.8915	-0.555	153.4725	402.8392	382.0	1909967.9457571916	155.0	716.0	173.6893	-0.5257	75.995	723.094	722.0	2664615.936095428	544.0	915.0	106.7886	-0.0781	52.2804	956.7215	974.0	2426688.1268065125	814.0	1044.0	70.7357	0.18938841211157167	0.49341663632846716	0.5352255415565107	0.6047212062763774
sub-042_acq-t1mpragesagisomww64CH_T1w	0.4841083636363636	2.2130370000498076	0.5766	-1.0	6.604616666666668	4.29515	7.89974	7.61896	0.26973097288851017	0.3837649680690052	0.3465040590424846	0.3918136656284332	0.12307169139385221	0.0	0.0005245080711554384	6.763071425382953	6.724023453385251	6.809572305231393	192	448	512	2.0911053111904847	6.701011543170672	8.811422533851202	17.64215074719245	7.969887308397571	13.782073418667997	13.626563422406578	19.12772954015417	1.0	0.5	0.5	321.202	0.0	5.7064	0.0	12424941.0	0.0	16.0	33.7026	0.2664	154.6569	419.2521	410.0	1732987.5162333534	107.0	743.0	196.0685	-0.6918	88.2684	710.2326	709.0	2465641.5676303194	535.0	884.0	105.8049	-0.0077	44.8614	974.1942	984.0	2226244.921798485	864.0	1049.0	55.7755	0.19406966011872911	0.4846076722210305	0.5149633144882788	0.6986464355858371
sub-043_acq-t1mpragesagisomww64CH_T1w	0.4845369230769231	2.0496651277823803	0.609	-1.0	6.56585	4.10579	7.86392	7.72784	0.26007947401254655	0.3930627011394342	0.34685782484801925	0.43316003680229187	0.1666815072298049	0.0	0.0009128267377258739	6.279830579553379	6.222019708357602	6.305352730413842	192	448	512	2.2135421593764595	7.4880266661060455	7.64190329493417	13.224141059320004	7.474729898631643	12.108385989638588	12.029467272760124	16.505285930010146	1.0	0.5	0.5	207.6194	0.0	6.5487	0.0	11330779.0	0.0	18.0	38.7399	0.3164	150.693	443.567	442.0	1797187.658478717	122.0	759.0	199.6799	-0.5764	73.4573	716.6404	716.0	2716121.440102657	558.0	878.0	95.6193	0.1468	52.5223	957.3774	976.0	2396838.906378135	807.0	1047.0	73.8044	0.21162771191338872	0.5035306238098437	0.5167496216364424	0.559455526020706
sub-045_acq-t1mpragesagisomww64CH_T1w	0.4894168582375479	2.031534377790831	0.5558	-1.0	6.631966666666667	4.24712	7.91078	7.738	0.27091197389764216	0.3877646635172019	0.3413233625851559	0.45443184673786163	0.16336017102003103	0.0	0.0010348098457345209	7.979671343623441	7.915106835175186	7.9857496460793955	192	448	512	2.0936773394844046	7.464387970416784	7.25492298664398	12.206703650030752	8.12362472571111	14.663656783372206	14.272900150996229	20.031418943905372	1.0	0.5	0.5	275.9111	0.0	5.2397	0.0	11918665.0	0.0	15.0	31.8551	-0.6342	163.6058	404.3449	395.0	1480894.2513162217	116.0	726.0	188.6632	-0.4058	71.5368	713.3368	713.0	2119649.6146130334	552.0	873.0	95.5202	-0.1968	56.201	952.0277	974.0	1865786.137910824	789.0	1049.0	79.7922	0.18725356553475564	0.50751506201776	0.5342718729306362	0.5928376665122969
sub-048_acq-t1mpragesagisomww64CH_T1w	0.4888627906976744	2.074802376929025	0.5676	-1.0	6.712356666666667	4.34063	7.83236	7.96408	0.2613867566708433	0.3898275549964196	0.34878568833273715	0.42064905166625977	0.1452007696032524	0.0	0.0009740037758431851	7.0821227907365225	7.022667839525135	7.096941031028283	192	448	512	2.102177605481472	7.352804480618691	7.785527217029084	13.90159956498709	8.768531306727	15.511898134750465	15.11691924706006	21.070328299702716	1.0	0.5	0.5	294.1218	0.0	5.8322	0.0	12736114.0	0.0	18.0	30.4088	0.5889	161.3438	419.3535	407.0	1606998.462166784	127.0	744.0	193.6087	-0.3652	75.5466	720.746	720.0	2396648.89441341	558.0	887.0	97.9218	0.2225	50.58	959.1528	978.0	2144324.6471829126	817.0	1045.0	70.3516	0.20408399351059947	0.5040091321059224	0.5316489791327805	0.6480962092029325
sub-049_acq-t1mpragesagisomww64CH_T1w	0.5117979591836734	2.0034699807434455	0.5754	-1.0	6.823453333333333	4.24634	8.1819	8.04212	0.26943166694862	0.38625627972085685	0.34431205333052317	0.4275614619255066	0.14409592449665065	0.0	0.0019920810280245568	6.8777215791856685	6.818972781931425	6.88521505008973	192	448	512	1.9616958172827368	7.600805318077195	7.964268523660627	14.330304435621947	7.945035597912634	14.666214702207412	14.064318066001912	19.58170389788569	1.0	0.5	0.5	250.1272	0.0	6.16	0.0	11040958.0	0.0	19.0	32.6536	-0.1498	172.1754	399.4684	396.0	1707208.49434712	74.0	741.0	201.8661	-0.2669	74.103	730.5509	731.0	2447448.0271842508	568.0	893.0	96.174	0.2386	51.2875	961.1619	976.0	2181675.4830977693	826.0	1049.0	68.1074	0.17647717407091054	0.507946079437765	0.5345517970155	0.652972271105915
sub-053_acq-t1mpragesagisomww64CH_T1w	0.5139155102040817	2.166700101295906	0.5667	-1.0	6.655456666666666	4.28693	7.90198	7.77746	0.2555851771605772	0.3980527316398625	0.34636209119956035	0.49074462056159973	0.19946101307868958	0.0	0.0009057616312921899	7.045284669046153	7.00290255172616	7.0804671395454095	192	448	512	2.181467933627071	8.850382988833191	8.464817234746944	14.362600781780566	8.51964748764316	12.753230017437092	12.77072416012219	17.03929497528632	1.0	0.5	0.5	213.9068	0.0	7.9185	0.0	11829357.0	0.0	24.0	37.4489	2.9595	147.7495	478.4091	487.0	1576270.7198635305	91.0	819.0	223.2441	-0.3504	70.9733	730.3665	729.0	2454911.011726662	595.0	866.0	82.3693	0.1651	54.936	962.1422	974.0	2136119.273010722	832.0	1053.0	67.815	0.1987033651525956	0.49923733160981315	0.5225332179449188	0.5391275539735495
sub-055_acq-t1mpragesagisomww64CH_T1w	0.5113643153526971	2.08502203710549	0.5782	24214.9423	6.941656666666667	4.23567	8.45012	8.13918	0.2576294955858484	0.3958161244257959	0.34655437998835564	0.4442090392112732	0.1675677612423897	0.0	0.0016423809849001633	6.982694437256725	6.931872238848833	7.004538490033464	192	448	512	2.1216459975023425	8.753819077243506	8.235024186071824	13.82960748346962	50.37471307163092	81.0856127074059	79.72313874274921	107.70909044921085	1.0	0.5	0.5	201.4331	5.9304	8.0522	4.0	11249984.0	0.0	21.0	36.8666	-0.1943	164.4274	449.5814	456.0	1605222.4040112663	92.0	786.0	214.9274	-0.3954	69.4984	733.6044	734.0	2466227.360156737	593.0	871.0	83.8491	0.1141	53.7404	960.9509	975.0	2159290.238489678	823.0	1054.0	70.5009	0.1985852773832768	0.5092735157215816	0.5345460183250719	0.6029476559259507
sub-056_acq-t1mpragesagisomww64CH_T1w	0.4933996062992126	2.0613864505644943	0.5646	-1.0	6.829926666666666	4.3388	8.31446	7.83652	0.2695616046397986	0.39025834041356705	0.3401800549466344	0.446650967001915	0.17769428044557573	0.0	0.0009450831468986489	7.425098838885402	7.36287174480901	7.428655602975435	192	448	512	2.1259300894610904	8.118136906231085	7.548018239142422	12.39998772173509	7.605253967745971	13.704705771452012	13.285368459947222	18.546145640643683	1.0	0.5	0.5	249.9319	0.0	6.4227	0.0	13536382.0	0.0	17.0	34.3709	-0.7115	163.5456	408.5175	399.0	1583525.63097818	112.0	727.0	187.6825	-0.4781	68.0658	719.6543	719.0	2292552.3298233505	572.0	868.0	88.5671	-0.2943	57.2577	952.7109	973.0	1998370.045598211	794.0	1049.0	78.4678	0.182181078226256	0.49783474802316274	0.5309254590960008	0.5314069803001759
sub-058_acq-t1mpragesagisomww64CH_T1w	0.5226806324110672	1.859420593346419	0.5911	-1.0	6.49988	4.06174	7.8895	7.5484	0.27080370861824643	0.38582194374973017	0.34337434763202335	0.46575260162353516	0.169667549431324	0.0	0.0009590293269141894	7.012070245412561	6.9443446411053555	7.018914097011016	192	448	512	2.037086359743718	7.211614217804809	7.2043718860691195	12.364415080658832	5.418323499243894	9.535186942296853	9.282863053851672	12.895078720014268	1.0	0.5	0.5	213.8951	0.0	7.6637	0.0	9342150.0	0.0	22.0	49.3318	0.8175	159.7316	409.0872	408.0	1681055.1844793824	72.0	739.0	200.286	-0.5021	73.6726	717.3949	718.0	2395048.3622833793	548.0	885.0	99.5616	0.0758	58.5656	950.6429	971.0	2131548.4571807133	793.0	1047.0	78.5318	0.19157948651634357	0.514283438698996	0.5435405276686509	0.6091287414933357
sub-059_acq-t1mpragesagisomww64CH_T1w	0.5092240601503759	2.155148305552594	0.5794	31760.114	7.17645	4.43601	8.94844	8.1449	0.2590344340177131	0.3971995333989201	0.34376603258336674	0.45900726318359375	0.17085175365209582	0.0	0.0011914988180202805	8.073934084529471	8.02233385067299	8.092173220078548	192	448	512	1.908427738951767	7.996219751775447	7.580849005881241	12.837899526916507	6.424072199019429	11.198506104957326	11.013450527207794	15.417773277646631	1.0	0.5	0.5	235.8751	0.0	7.6026	0.0	9502658.0	0.0	18.0	41.3025	-0.6311	165.8986	404.8104	405.0	1399092.123541965	57.0	748.0	212.2165	-0.6713	76.2286	707.1122	706.0	2145346.9719588403	561.0	851.0	88.2917	-0.4193	59.225	953.2566	972.0	1856742.9089206352	804.0	1048.0	75.7133	0.1849817917631967	0.5134621919229142	0.5249173904901602	0.6199308929630442
sub-062_acq-t1mpragesagisomww64CH_T1w	0.5161776892430279	2.1165541689176894	0.5907	25486.0013	6.69803	4.03339	8.14548	7.91522	0.2616679786337621	0.3930179831958619	0.34531403817037604	0.37373486161231995	0.12764382362365723	0.0	0.0012058080119919854	7.350580163701893	7.301813984933119	7.377439165706275	192	448	512	2.0487569441082796	7.846699461956796	8.263281406330625	14.8943878129268	48.05482496964792	80.31231667341157	78.8025482260893	108.0405030352084	1.0	0.5	0.5	256.7473	5.9304	7.809	4.0	10807928.0	0.0	22.0	34.1718	0.2815	161.3225	429.0493	435.0	1549691.446945164	79.0	771.0	212.3238	-0.4836	78.1266	725.083	727.0	2327593.1974340584	568.0	874.0	92.6504	-0.1143	51.434	962.8011	978.0	2045073.3569188872	834.0	1048.0	65.6623	0.20035497080643522	0.520120287701976	0.5377507091562801	0.6376017433528934
